test,trial,nll_con,nll_unc,lambda_obs,p_boot,p_wilks,k_exceed,n_boot,chi2_dof_a,chi2_dof_b,dev_dof_a,dev_dof_b,gates,starts_used,optimizer_retries,converged,rejected,pass_trial
Di-charmonium,19,-12735.931530322301,-12736.019170736718,0.17528082883291063,0.96,0.9160902303444278,48,50,1.6604198442916778,1.260301257732329,1.527642665837038,1.1866181805836595,PASS,153,0,True,False,True
Di-charmonium,2,-12175.883555069815,-12175.935400655415,0.10369117119989824,0.92,0.9494754682087038,46,50,0.7822406836424294,0.8457110979578593,0.7556802042992824,0.8855135828894223,PASS,153,0,True,False,True
Di-charmonium,3,-12859.473900042138,-12869.057565117932,19.16733015158752,0.0,6.884416569141738e-05,0,50,1.7642555298849716,1.0831347130003253,1.6794361943801421,1.0570658435213114,PASS,153,0,True,True,True
Di-charmonium,28,-12274.242174550593,-12277.171879264277,5.859409427368519,0.14,0.05341280788804248,7,50,1.2036563533926998,1.1258319791549358,1.126045375507499,1.1681080972808875,PASS,153,0,True,False,True
Di-charmonium,29,-12498.6209128545,-12499.763810884586,2.285796060172288,0.54,0.31889351838509605,27,50,1.609330578910866,0.8049412325772582,1.5473732043792157,0.8333001282325945,PASS,153,0,True,False,True
Di-charmonium,12,-12644.636296636894,-12647.226899766792,5.181206259796454,0.32,0.07497480689830027,16,50,0.8599905314733183,1.1364923687976034,0.8636431882407803,1.1153967784342806,PASS,153,0,True,False,True
Di-charmonium,17,-12578.158780972988,-12578.62254219358,0.9275224411831005,0.68,0.6289137081827831,34,50,1.1254297918360343,0.906005047360085,1.1321119350966398,0.9829335809510071,PASS,153,0,True,False,True
Di-charmonium,0,-12772.731034649969,-12773.194515657333,0.9269620147279056,0.62,0.6290899628161197,31,50,1.0556314654664778,0.9182083321168801,1.0648433934761534,0.9466347950801229,PASS,153,0,True,False,True
Di-charmonium,10,-12521.782674229566,-12523.864794172225,4.1642398853182385,0.36,0.12466564784204537,18,50,1.2419752869214649,1.0252847511898449,1.253190947258497,1.008948066460539,PASS,153,0,True,False,True
Di-charmonium,1,-12603.19036636144,-12603.297029859075,0.21332699527192744,0.98,0.8988280798808772,49,50,1.1358394023487393,0.7034082529194097,1.1275767452142527,0.7256086024410949,PASS,153,0,True,False,True
Di-charmonium,20,-12420.222178291497,-12422.522426887333,4.6004971916736395,0.22,0.10023392288938593,11,50,0.8539230920729258,1.3864860211163408,0.8594417752675186,1.2752447754286027,PASS,153,0,True,False,True
Di-charmonium,5,-12996.283370834832,-12996.650480143207,0.7342186167516047,0.8,0.6927339192861569,40,50,0.9691962685442859,0.9553542413833677,0.9516592452440881,1.0001777025140137,PASS,153,0,True,False,True
Di-charmonium,11,-12297.808279134777,-12297.822528236291,0.02849820302799344,0.96,0.985851936463545,48,50,0.9549286705338235,0.9009085084918409,0.9485351688663067,0.9398986734549267,PASS,153,0,True,False,True
Di-charmonium,7,-12627.991945323229,-12628.80679136558,1.6296920847016736,0.5,0.4427074803178186,25,50,1.2619289815450654,1.1776339303116954,1.3007408094399724,1.1612130572339916,PASS,153,0,True,False,True
Di-charmonium,22,-12342.700003909635,-12345.131475010694,4.862942202118575,0.14,0.08790741671994995,7,50,1.0474185957141409,1.2084072629613658,1.0478704848947262,1.165888442200792,PASS,153,0,True,False,True
Di-charmonium,18,-12343.216862834184,-12343.559151925669,0.6845781829688349,0.86,0.7101428787726445,43,50,1.049512426435666,0.9439221592752186,1.0264592510075274,0.9249044199177666,PASS,153,0,True,False,True
Di-charmonium,4,-12557.45057616132,-12558.360117303335,1.8190822840297187,0.66,0.4027089678703972,33,50,1.0110908997938637,1.0524615208481252,1.0390772882818349,1.04871133216336,PASS,153,0,True,False,True
Di-charmonium,15,-12433.149325024118,-12433.646645120429,0.9946401926208637,0.78,0.6081582834287176,39,50,0.9347547996465905,1.0849401546095385,0.9600553623929172,1.0590057387726683,PASS,153,0,True,False,True
Di-charmonium,9,-13197.685117352583,-13204.491109294957,13.611983884748042,0.0,0.0011071214256089812,0,50,0.8717259191195084,1.2660208866640699,0.8943158870094345,1.2277054202634643,PASS,153,0,True,True,True
Di-charmonium,14,-12533.126027436869,-12535.514259031635,4.776463189533388,0.14,0.09179186564928166,7,50,1.1302324565082729,1.2011630182261173,1.1507536283120605,1.1407057616486878,PASS,153,0,True,False,True
Di-charmonium,24,-12592.102891551722,-12596.848392033913,9.491000964382692,0.02,0.008690711370907378,1,50,1.0219708031204775,1.2554768098213371,1.0282586100773456,1.2215917290814764,PASS,153,0,True,True,True
Di-charmonium,6,-12646.951272114027,-12656.28650174618,18.670459264307283,0.0,8.825946355461856e-05,0,50,0.9333371879205284,1.2947559850596935,0.9684670549530539,1.1560943153129346,PASS,153,0,True,True,True
Di-charmonium,27,-12525.881928513489,-12536.677084273419,21.590311519859824,0.0,2.0498563244042423e-05,0,50,0.8686187564341835,1.595698034665717,0.8629912333249975,1.5189282352643676,PASS,153,0,True,True,True
Di-charmonium,25,-12844.285971029389,-12847.795864791897,7.019787525016,0.08,0.029900090778854915,4,50,1.2077058120034885,1.056712610758156,1.2088606530979924,1.0428401052277794,PASS,153,0,True,False,True
Di-charmonium,8,-12183.39383238917,-12184.153014373322,1.5183639683018555,0.44,0.46804914207143433,22,50,1.4913192245169542,0.865577952772503,1.4609520404191843,0.8344706470454206,PASS,153,0,True,False,True
Di-charmonium,23,-12808.266756491328,-12808.399994365054,0.2664757474522048,0.88,0.8752568667318936,44,50,0.8619626655884783,1.208217131634554,0.8649664205722875,1.1950970581885239,PASS,153,0,True,False,True
Di-charmonium,21,-12659.036895011088,-12663.884460932957,9.695131843738636,0.0,0.007847455641180834,0,50,0.8338676808974522,1.4087974231698106,0.8507030971402625,1.288208895418578,PASS,153,0,True,True,True
Di-charmonium,16,-13196.273663054515,-13198.30412841439,4.060930719748285,0.1,0.1312744170856932,5,50,0.8339999954419247,1.2282481008327193,0.8487693372954342,1.1747759719860622,PASS,153,0,True,False,True
Di-charmonium,26,-12780.22976140862,-12780.68467287422,0.9098229312003241,0.64,0.6345041409048816,32,50,1.1874124311175895,1.0299277945436593,1.1915312560670832,1.0013560260766765,PASS,153,0,True,False,True
Di-charmonium,13,-12382.9304836567,-12384.559637372506,3.2583074316098646,0.18,0.19609545641071635,9,50,0.7798688576233036,1.6296306746123685,0.8065065810457552,1.5065395984595842,PASS,153,0,True,False,True
Di-charmonium,30,-12812.486477215256,-12814.448781437985,3.9246084454571246,0.16,0.1405342253988362,8,50,0.7515156498385085,1.283267533233849,0.7585181058677285,1.2300674779783025,PASS,153,0,True,False,True
Di-charmonium,31,-12535.983079053152,-12536.217887955603,0.4696178049016453,0.92,0.7907219402166114,46,50,0.911202724714917,1.0121864856774008,0.9252365834294549,0.9720982654893201,PASS,153,0,True,False,True
Di-charmonium,33,-12594.262039949073,-12599.194442479537,9.864805060926301,0.04,0.007209162226648247,2,50,1.4879064808172524,1.0118766584740866,1.4378776984042045,1.0015406953208112,PASS,153,0,True,True,True
Di-charmonium,32,-12740.82626211675,-12743.813429334074,5.974334434646153,0.06,0.05043009206360061,3,50,0.947950985385447,1.423140048296185,0.9559023906561994,1.3886015490785173,PASS,153,0,True,False,True
Di-charmonium,34,-12547.886468858636,-12549.619280912655,3.4656241080374457,0.38,0.17678657692712663,19,50,1.01211811442092,0.8908004851281089,1.0316003912600231,0.916204697730692,PASS,153,0,True,False,True
Di-charmonium,35,-12726.332361619621,-12726.987495217872,1.3102671965025365,0.72,0.5193726706712739,36,50,1.128378023792648,0.8120941145176558,1.164017356651876,0.8331538767162333,PASS,153,0,True,False,True
Di-charmonium,37,-12301.253980402142,-12304.222033741942,5.936106679600925,0.2,0.05140327771393993,10,50,1.185238497617711,1.33997603266986,1.1291285425585535,1.3512614015342403,PASS,153,0,True,False,True
Di-charmonium,38,-12729.020889632386,-12729.133377603493,0.22497594221567851,0.96,0.8936080961592886,48,50,0.8004173266111292,1.1050375054880917,0.8235016144738287,1.0819856217729988,PASS,153,0,True,False,True
Di-charmonium,36,-12527.555583214791,-12529.824938524845,4.538710620108759,0.12,0.10337880588104331,6,50,1.0834472305316687,1.1461653332433006,1.1123225319126235,1.1070520987192758,PASS,153,0,True,False,True
Di-charmonium,45,-12509.195026241832,-12509.454439967307,0.5188274509491748,0.94,0.7715037662440866,47,50,1.1019861010213456,0.7639322764168271,1.091304155711988,0.7966059048046271,PASS,153,0,True,False,True
Di-charmonium,43,-12629.324815225162,-12630.28552655558,1.9214226608382887,0.6,0.3826206194652496,30,50,0.9733637561024454,0.9405824293646662,0.9631092327108828,0.9410469764718307,PASS,153,0,True,False,True
Di-charmonium,53,-12688.334487226912,-12688.584182564513,0.4993906752024486,0.78,0.7790380905336385,39,50,1.1597954070529717,0.8899021770835408,1.187660091141738,0.9328091183193573,PASS,153,0,True,False,True
Di-charmonium,48,-12648.24700733359,-12648.327096711168,0.16017875515535707,1.0,0.9230338441706594,50,50,1.1146373852619593,0.996680602380922,1.1184996202564328,1.000313482889288,PASS,153,0,True,False,True
Di-charmonium,41,-12070.461970113716,-12070.963846881208,1.0037535349838436,0.74,0.6053934101978975,37,50,0.9416876634060234,1.2082918746544875,0.9314215962571248,1.164637967831313,PASS,153,0,True,False,True
Di-charmonium,40,-12828.647216994945,-12830.933975320388,4.573516650885722,0.16,0.10159526741914782,8,50,0.9803626504874835,1.5698687281380217,0.9890208388256706,1.4109892779690862,PASS,153,0,True,False,True
Di-charmonium,50,-12772.032362682292,-12772.134883852972,0.20504234136024024,0.94,0.902559041761899,47,50,1.0320884550296605,1.0510351960708288,1.0181075680021305,1.0635570109441204,PASS,153,0,True,False,True
Di-charmonium,42,-12570.401960673693,-12575.425739057899,10.047556768411596,0.02,0.006579619354319721,1,50,0.8823135243652772,1.0928885107262818,0.8999154049517264,1.0970063032155237,PASS,153,0,True,True,True
Di-charmonium,44,-12221.645944994352,-12223.553760122444,3.8156302561837947,0.16,0.14840427697292402,8,50,1.5775578011794242,1.7069676173571966,1.473970769947391,1.6133881086279536,PASS,153,0,True,False,True
Di-charmonium,39,-12321.160539222688,-12328.472831681567,14.624584917757602,0.0,0.0006672855725800009,0,50,0.9994459506779786,1.0368970894885678,0.9947079312161184,1.0722553994302961,PASS,153,0,True,True,True
Di-charmonium,58,-13082.177298217886,-13082.730321825486,1.1060472151984868,0.82,0.5752079751895157,41,50,0.9926684906667527,1.0286320148007115,1.024022234649358,0.9951729647199883,PASS,153,0,True,False,True
Di-charmonium,56,-12677.118882952453,-12677.303699062813,0.36963222072154167,0.92,0.831257129371968,46,50,0.8999984649553914,1.0426702451442196,0.8910059746179042,1.0538323617667793,PASS,153,0,True,False,True
Di-charmonium,54,-12682.911016402722,-12687.020200104933,8.21836740442086,0.08,0.016421173624453278,4,50,1.2347407075982282,0.8345584865920106,1.236823611600377,0.8465675896419598,PASS,153,0,True,False,True
Di-charmonium,49,-12520.5978758723,-12520.829090729072,0.4624297135451343,0.68,0.7935689440548684,34,50,0.8521780525780694,1.270949150827285,0.8541667157371816,1.273673169167108,PASS,153,0,True,False,True
Di-charmonium,46,-12409.092149316475,-12409.340388555149,0.49647847734740935,0.74,0.7801732733304179,37,50,1.156294518272029,1.55551454965192,1.193827161359166,1.3535584072823947,PASS,153,0,True,False,True
Di-charmonium,51,-12395.060598427586,-12401.334725392826,12.548253930479405,0.0,0.0018844355135461122,0,50,1.0515518778402453,1.1198060366553306,1.0740852566711443,1.1011082976254378,PASS,153,0,True,True,True
Di-charmonium,55,-11870.265130572508,-11878.91297785024,17.295694555461523,0.0,0.00017550425370249645,0,50,1.1761475126289125,1.3409227016544436,1.179805227040959,1.2841060777771698,PASS,153,0,True,True,True
Di-charmonium,60,-12731.069981187455,-12731.202671718926,0.26538106294174213,0.98,0.8757360629294378,49,50,0.762029658620167,1.0073496098435806,0.7732060077936489,1.0252513526894156,PASS,153,0,True,False,True
Di-charmonium,47,-12095.80252528661,-12096.004597832809,0.4041450923978118,0.9,0.8170356529611824,45,50,0.8952594372189421,0.9868573138002387,0.8866413427073238,0.9559558207009876,PASS,153,0,True,False,True
Di-charmonium,57,-12777.27416637387,-12779.302020362571,4.055707977400743,0.1,0.13161767130134472,5,50,1.2097060509377984,1.1698525782323614,1.2060236685191525,1.13847061236252,PASS,153,0,True,False,True
Di-charmonium,52,-11884.561099937013,-11886.73709244048,4.351985006935138,0.14,0.11349545312139586,7,50,0.8386991737872217,0.9318379807809175,0.8405108268980588,0.9373552547713297,PASS,153,0,True,False,True
Di-charmonium,59,-12675.880072144058,-12676.047882031122,0.3356197741268261,0.86,0.8455145626623755,43,50,1.0736567127611716,0.9354930829763582,1.0681785710786853,0.8980451940912141,PASS,153,0,True,False,True
Di-charmonium,61,-12859.057975255808,-12859.09819534709,0.08044018256259733,1.0,0.9605780010422977,50,50,1.0511494258215646,1.1804007629496136,1.0685791112435878,1.141069267928773,PASS,153,0,True,False,True
Di-charmonium,63,-12822.570849834607,-12822.884188197044,0.6266767248744145,0.82,0.7310025269216232,41,50,1.0890319388505119,1.0417583331367732,1.1141115801352164,0.9968085949114379,PASS,153,0,True,False,True
Di-charmonium,66,-12855.483693783797,-12855.724243475277,0.4810993829596555,0.86,0.7861955772557787,43,50,0.8418386412067669,0.9431833439643603,0.8422844770776097,0.9361485610532252,PASS,153,0,True,False,True
Di-charmonium,62,-12859.445538654254,-12859.99694271043,1.1028081123513402,0.68,0.5761403088619592,34,50,0.908601871777095,1.1421819710216674,0.914457255931695,1.0988562849151216,PASS,153,0,True,False,True
Di-charmonium,69,-12485.449694034993,-12485.481303232456,0.06321839492738945,0.98,0.9688851508759073,49,50,0.9867021437715648,1.0729510536331603,1.050239537151844,1.1057960905120547,PASS,153,0,True,False,True
Di-charmonium,65,-12425.610605131751,-12426.546656620983,1.8721029784646817,0.54,0.3921732826723735,27,50,0.8929294464588832,1.0638394484209153,0.9000789343266757,1.0661477127590206,PASS,153,0,True,False,True
Di-charmonium,67,-12674.053783250616,-12674.744080095592,1.3805936899516382,0.56,0.5014272008264498,28,50,0.9553057815884421,1.0961584786525944,0.9389918559211203,1.1034148759768447,PASS,153,0,True,False,True
Di-charmonium,64,-12812.972561841045,-12816.010273998694,6.075424315298733,0.0,0.04794445346497711,0,50,1.09636424254289,1.4052979393604936,1.0833990030016252,1.3712347214098917,PASS,153,0,True,True,True
Di-charmonium,70,-12261.173002313342,-12261.236980900412,0.12795717413973762,0.88,0.9380250851812927,44,50,0.7495799223197175,0.9139556539319093,0.7448144005822496,0.9504857680298677,PASS,153,0,True,False,True
Di-charmonium,75,-12842.14456550981,-12844.411892234602,4.534653449583857,0.22,0.10358873145707848,11,50,1.0745748781158204,0.8784213310151872,1.0747792818912743,0.8644967737115363,PASS,153,0,True,False,True
Di-charmonium,78,-12938.111175781607,-12939.768731879514,3.315112195814436,0.38,0.19060422943325328,19,50,1.319109649050857,0.8509975339232688,1.260185075437841,0.8118179823564873,PASS,153,0,True,False,True
Di-charmonium,72,-12211.52941705369,-12213.437421346278,3.8160085851741314,0.12,0.1483762068078126,6,50,1.1424285774250642,1.4300622139884853,1.1098727711705847,1.3882834972891924,PASS,153,0,True,False,True
Di-charmonium,68,-12589.945232695187,-12590.868916480944,1.8473675715140416,0.4,0.3970536830067827,20,50,0.9287924239329296,0.9013763068169458,0.9681471962509249,0.8983072679360904,PASS,153,0,True,False,True
Di-charmonium,76,-12601.267796809076,-12602.753749764082,2.9719059100134473,0.28,0.22628659695024533,14,50,1.0837974369160317,1.3234891353490277,1.0904599764728624,1.26069624165229,PASS,153,0,True,False,True
Di-charmonium,73,-12416.782140879151,-12418.839676248703,4.115070739102521,0.18,0.12776848425145904,9,50,0.8554697461209784,1.2944360777715525,0.8846267552159386,1.2140807508491969,PASS,153,0,True,False,True
Di-charmonium,71,-12506.407155667825,-12521.297640098228,29.78096886080675,0.0,3.413066727020464e-07,0,50,1.0098711777709268,1.0139039397354397,0.9936382503391883,1.0362065896506518,PASS,172,0,True,True,True
Di-charmonium,84,-12805.150010688156,-12805.802636255708,1.305251135105209,0.68,0.5206769081234872,34,50,0.9300655232563718,0.7867437551775266,0.9216319131225473,0.7874948632748735,PASS,153,0,True,False,True
Di-charmonium,80,-12513.29441669457,-12513.734891726577,0.8809500640127226,0.7,0.6437305558235101,35,50,1.0963359615428645,0.8297151333705548,1.1362544992115382,0.8250808196149023,PASS,153,0,True,False,True
Di-charmonium,77,-12434.395497152494,-12436.522722776452,4.254451247914403,0.04,0.11916745097169312,2,50,0.9524762003138032,1.2152289631831756,0.9481823798905633,1.1813256138352517,PASS,153,0,True,True,True
Di-charmonium,90,-12388.426644917621,-12388.957628573438,1.061967311634362,0.74,0.5880262696433989,37,50,1.2540588192019047,1.2027749316413012,1.2759151248334688,1.1757983651777886,PASS,153,0,True,False,True
Di-charmonium,81,-12716.976763869861,-12718.84850890882,3.7434900779189775,0.1,0.153854944549924,5,50,0.8392067428831224,1.111826139091442,0.850692309524338,1.1169607269033868,PASS,158,0,True,False,True
Di-charmonium,74,-12444.164868910815,-12448.382976583758,8.436215345886012,0.06,0.014726485481408091,3,50,1.063694854741411,1.1264870518938055,1.0498972744206436,1.0501048329641434,PASS,153,0,True,False,True
Di-charmonium,83,-12364.428171528874,-12364.71051848128,0.5646939048128843,0.84,0.7540120328560883,42,50,0.843697585659658,1.1288190719783222,0.8940571237941641,1.12124385488413,PASS,153,0,True,False,True
Di-charmonium,87,-12561.344675356631,-12562.06883074837,1.4483107834785187,0.78,0.4847338062854688,39,50,1.0459732207280916,0.6953375736519727,1.0421512857489659,0.6967173874766359,PASS,153,0,True,False,True
Di-charmonium,88,-12518.719673471856,-12518.807327657554,0.17530837139565847,1.0,0.9160776146949688,50,50,1.030494749078561,1.0753842145023453,1.0681985662675495,1.12558817128189,PASS,153,0,True,False,True
Di-charmonium,79,-12613.834962509527,-12615.43330724011,3.1966894611650787,0.2,0.20223098786889238,10,50,1.1262905808243524,1.0596394080149272,1.1378590274325935,1.017848403865261,PASS,153,0,True,False,True
Di-charmonium,82,-12644.531766243743,-12652.554809072322,16.046085657158983,0.0,0.0003278210005486226,0,50,2.1437604590500854,1.051640403897654,1.9115066692933584,1.0508986682029378,PASS,153,0,True,True,True
Di-charmonium,92,-12352.608435762471,-12353.469313124817,1.7217547246909817,0.44,0.4227909786606764,22,50,1.2675646626991475,0.7759919922254541,1.282028661164217,0.7806617586885899,PASS,153,0,True,False,True
Di-charmonium,85,-12373.835362358175,-12374.35181299822,1.0329012800903001,0.6,0.5966344647019409,30,50,0.7855339807543883,1.1978446133208895,0.7889320898719989,1.2031314804411006,PASS,153,0,True,False,True
Di-charmonium,86,-12523.369998391501,-12523.479296211355,0.21859563970792806,0.92,0.8964633931408023,46,50,1.2459784178652489,1.2315965288169386,1.2596995650068423,1.1361980672527618,PASS,153,0,True,False,True
Di-charmonium,91,-12693.514999690047,-12694.24843956801,1.4668797559243103,0.5,0.4802541298658315,25,50,1.2905590622193328,1.382087188858036,1.234359137881021,1.3208357977621226,PASS,153,0,True,False,True
Di-charmonium,89,-12591.521219001508,-12594.00796935952,4.973500716023409,0.12,0.0831798325301869,6,50,0.8425277935380625,1.287934448111596,0.8440066583619306,1.2697950332923786,PASS,153,0,True,False,True
Di-charmonium,94,-12477.106315578729,-12477.941172935953,1.669714714447764,0.62,0.43393637490773285,31,50,1.075485949777652,0.8605872500671221,1.062826506810992,0.8387161534623297,PASS,153,0,True,False,True
Di-charmonium,93,-12633.9679144894,-12636.317837630171,4.699846281542705,0.3,0.09537649249749058,15,50,1.1446780500450555,1.0620752645416132,1.1356477317012126,1.035415039429753,PASS,153,0,True,False,True
Di-charmonium,96,-12472.678011177599,-12473.510627686135,1.665233017072751,0.7,0.4349098509628251,35,50,1.221804389286633,0.9899701390024073,1.2426007389636173,0.9774846324107052,PASS,153,0,True,False,True
Di-charmonium,99,-12023.564224932428,-12025.170808562187,3.213167259516922,0.28,0.2005716720037618,14,50,0.8186906455707428,1.2111269005692162,0.8203965296064094,1.2033052965565363,PASS,153,0,True,False,True
Di-charmonium,100,-12301.451902585944,-12301.518789105772,0.13377303965535248,1.0,0.9353013334712131,50,50,0.9280952590244178,0.8898996346201381,0.9148711342475595,0.928454076739036,PASS,153,0,True,False,True
Di-charmonium,95,-12415.841739838721,-12416.222174473038,0.7608692686335417,0.62,0.6835642441597398,31,50,1.045506110133267,1.2727843824005975,1.04042796492835,1.2362148762396725,PASS,153,0,True,False,True
Di-charmonium,97,-12207.094925419697,-12217.834128928756,21.47840701811947,0.0,2.167819786713654e-05,0,50,0.8002702828032715,0.8344503042702514,0.8074058002041969,0.8553054795798245,PASS,153,0,True,True,True
Di-charmonium,102,-12457.593475202615,-12461.137957797964,7.088965190698218,0.0,0.02888356313407736,0,50,0.9235933628425036,1.3070952892631627,0.9331614389927638,1.2349015218364197,PASS,153,0,True,True,True
Di-charmonium,98,-12405.0202129513,-12406.072011970991,2.103598039382632,0.32,0.3493087701521753,16,50,1.1349639667126794,1.3071706987464131,1.1383614331447094,1.2368538526846573,PASS,153,0,True,False,True
Di-charmonium,104,-12935.20971648765,-12935.325710840649,0.2319887059966277,0.88,0.890480251826758,44,50,1.0175239888187029,1.077917901872208,1.032747307515164,1.0679581819113864,PASS,153,0,True,False,True
Di-charmonium,108,-12170.549754327907,-12170.957153273373,0.8147978909328231,0.7,0.6653786875336415,35,50,1.0617607462405936,1.0456139281951746,1.0616037533248528,1.0849937805592051,PASS,153,0,True,False,True
Di-charmonium,103,-12415.310487848315,-12415.484006048526,0.34703640042062034,0.88,0.8407018500721606,44,50,1.082875459067793,0.8948323855007504,1.0753647696663298,0.9069545270597777,PASS,153,0,True,False,True
Di-charmonium,106,-12374.742419020786,-12376.260428494212,3.036018946851982,0.2,0.21914767235256583,10,50,0.9226474423441025,1.270255355539391,0.9068485244659946,1.2358954135426403,PASS,153,0,True,False,True
Di-charmonium,109,-11989.286334601604,-11989.32126153822,0.06985387323220493,0.98,0.9656759692341763,49,50,0.9839983011564448,0.8806790192511473,0.9862303827736958,0.9161187099912628,PASS,153,0,True,False,True
Di-charmonium,111,-12287.807917316279,-12289.228154632106,2.8404746316555247,0.36,0.24165666114101836,18,50,1.1256832549265048,1.1499346381058977,1.1353748997328212,1.1678760510360657,PASS,153,0,True,False,True
Di-charmonium,112,-12801.757675901388,-12802.55087701714,1.5864022315035982,0.68,0.45239430838614314,34,50,0.871507504658843,1.0065040066842403,0.8566698475746917,0.9941875776836789,PASS,153,0,True,False,True
Di-charmonium,101,-12537.459292073809,-12541.162034854431,7.405485561244859,0.04,0.024655808171689886,2,50,0.7687025867665416,1.275909374810059,0.7588948689879716,1.2357992125141795,PASS,153,0,True,True,True
Di-charmonium,115,-12910.942567935132,-12911.483180854022,1.0812258377809485,0.68,0.5823911843997502,34,50,0.8833955498905939,1.157169062790549,0.8829972103446726,1.1551898113232324,PASS,153,0,True,False,True
Di-charmonium,110,-12672.511722238964,-12676.525395080254,8.027345682581654,0.04,0.018066916312034498,2,50,1.0285044199358404,0.967659538803821,1.0415179588678565,0.9564653995511508,PASS,153,0,True,True,True
Di-charmonium,114,-12647.008991908906,-12651.55275882964,9.087533841469849,0.28,0.010633276308243622,14,50,1.0191660990210036,0.9781671927596027,1.0139659803368157,0.9737120813187222,PASS,153,0,True,False,True
Di-charmonium,107,-12559.539687294857,-12560.40277992936,1.726185269006237,0.44,0.42185541822025074,22,50,0.8376687547092291,1.303117716941598,0.8810571152511592,1.2147922232601813,PASS,153,0,True,False,True
Di-charmonium,105,-12283.413543697483,-12288.57830458236,10.329521769752319,0.02,0.005714429082069095,1,50,1.017407819990374,1.4264148656321505,1.0476386993786184,1.3727701956883942,PASS,153,0,True,True,True
Di-charmonium,113,-12591.519922364776,-12592.735220827284,2.430596925016289,0.58,0.2966214706931174,29,50,1.1737038268278708,1.0280121691847566,1.1939767280136695,1.0594908849717333,PASS,153,0,True,False,True
Di-charmonium,118,-12519.475506333807,-12522.536756940379,6.122501213143551,0.12,0.04682909381150202,6,50,0.7957080513606918,0.8467470570400591,0.8120951625936677,0.864769746118143,PASS,153,0,True,False,True
Di-charmonium,117,-12571.656501662292,-12572.189942572506,1.0668818204285344,0.46,0.5865831133339687,23,50,1.2699216842183214,1.3420024752600748,1.2475461253867968,1.2530865598498664,PASS,153,0,True,False,True
Di-charmonium,119,-12766.97830047694,-12767.19182632408,0.42705169428154477,0.84,0.8077312823365873,42,50,0.8269550157803366,1.0420490665134012,0.832946446155633,1.0393381643401907,PASS,153,0,True,False,True
Di-charmonium,116,-12708.572765329322,-12709.042936177702,0.9403416967616067,0.76,0.6248954967782954,38,50,1.2605367574774138,1.394334513044633,1.2349985000597792,1.3172508293746483,PASS,153,0,True,False,True
Di-charmonium,121,-12739.04188200205,-12742.607340383203,7.130916762307606,0.04,0.02828401765166355,2,50,1.2218516640637929,1.0969534941487415,1.2022134104456135,1.0868478799962304,PASS,153,0,True,True,True
Di-charmonium,120,-12595.760951530632,-12597.554256704108,3.5866103469525115,0.12,0.16640924828955805,6,50,0.6975997467145515,1.4860812794479494,0.6735269400772085,1.2707201542804392,PASS,153,0,True,False,True
Di-charmonium,122,-12636.983791835251,-12638.234281281078,2.5009788916540856,0.22,0.28636460259448693,11,50,1.1519125174904938,1.113331075527311,1.149006180975595,1.0718246083333478,PASS,153,0,True,False,True
Di-charmonium,123,-12740.111083896592,-12741.930788185638,3.639408578092116,0.12,0.1620736708081193,6,50,1.3402016662100888,1.0076543148501311,1.3508970605705708,1.000733543134855,PASS,153,0,True,False,True
Di-charmonium,124,-12898.95814092291,-12898.989410607997,0.06253937017390854,0.94,0.9692141552236334,47,50,1.0109899176389041,1.0670422667594472,1.0066689939203337,1.082722998074092,PASS,153,0,True,False,True
Di-charmonium,126,-12624.254306003386,-12624.444875060948,0.3811381151244859,0.88,0.8264886804647762,44,50,0.8478874706264169,0.9677867268193915,0.8677738544639445,0.9884130167998906,PASS,153,0,True,False,True
Di-charmonium,127,-12638.65515942459,-12639.025033019208,0.7397471892363683,0.82,0.690821648692772,41,50,0.8560988050187538,0.9750982340869319,0.8691108078198698,0.9726683227979095,PASS,153,0,True,False,True
Di-charmonium,125,-12327.37499786856,-12330.070419986898,5.390844236677367,0.02,0.06751387691287491,1,50,1.3441957003934857,1.117546909309867,1.3610897567917093,1.09716988950285,PASS,153,0,True,True,True
Di-charmonium,128,-12895.592450479515,-12895.974194486596,0.7634880141631584,0.8,0.6826697894705369,40,50,0.6981992052214504,1.3857061715785601,0.6990523231620626,1.3727179310493351,PASS,153,0,True,False,True
Di-charmonium,129,-12575.445521324407,-12575.548457715433,0.20587278205130133,0.88,0.90218435867812,44,50,1.0366819313183395,1.1706942381182597,1.0313230894054815,1.2083425709518612,PASS,153,0,True,False,True
Di-charmonium,130,-12506.055140425717,-12506.638033100457,1.1657853494798474,0.64,0.5582811029400456,32,50,0.9704916246335228,1.3585022873967674,0.9711714966153024,1.3023309198776485,PASS,153,0,True,False,True
Di-charmonium,131,-12577.95220452799,-12578.772177661216,1.6399462664521707,0.52,0.44044348764264407,26,50,0.9495429473993895,1.4490839962817397,0.920879805733972,1.4395171765532007,PASS,153,0,True,False,True
Di-charmonium,133,-12622.561520333327,-12623.310087960956,1.4971352552565804,0.58,0.4730436423469383,29,50,0.925031509775291,0.9320619418313468,0.9137042765852661,0.9342733072666289,PASS,153,0,True,False,True
Di-charmonium,135,-12166.415720111305,-12166.678183737455,0.5249272522996762,0.76,0.7691543409645089,38,50,1.1732901939823865,0.879645175194709,1.1898055804990058,0.84897897835106,PASS,153,0,True,False,True
Di-charmonium,139,-12134.760006565406,-12138.164703571314,6.809394011816039,0.08,0.03321688307672599,4,50,1.004588965346816,0.9503596878946372,0.9981053061143512,0.9799670969863141,PASS,153,0,True,False,True
Di-charmonium,140,-12606.81113401291,-12607.271433163285,0.9205983007486793,0.7,0.6310948250123272,35,50,1.158093343598398,1.0126355496641943,1.1854619390774794,1.0156572714906802,PASS,153,0,True,False,True
Di-charmonium,138,-12989.614221360314,-12990.777473337423,2.326503954216605,0.4,0.3124683868170679,20,50,1.1163046397713883,1.249963383680414,1.091097457832852,1.1987380908272274,PASS,153,0,True,False,True
Di-charmonium,136,-12475.869452639112,-12478.747324153888,5.755743029552832,0.1,0.05625437209547135,5,50,0.73334341441927,1.130765673982965,0.7520653591932985,1.121932534651874,PASS,153,0,True,False,True
Di-charmonium,132,-12583.906816248102,-12586.756882321453,5.700132146703254,0.06,0.05784049903294797,3,50,1.0867055671613208,1.2899777615118648,1.063129414621875,1.204208239935231,PASS,153,0,True,False,True
Di-charmonium,142,-13061.226535237392,-13065.009681807216,7.566293139647314,0.04,0.022750991097162387,2,50,0.7901153526525255,1.2970469695880513,0.7787476951261606,1.21523944861598,PASS,153,0,True,True,True
Di-charmonium,148,-12458.468667236993,-12459.290996815304,1.6446591566200368,0.46,0.4394068286461359,23,50,0.7204210164295465,0.981690836009687,0.7241319932370774,1.0007212367348604,PASS,153,0,True,False,True
Di-charmonium,134,-12744.819576981565,-12750.10766104067,10.576168118212081,0.0,0.0050514292339839395,0,50,1.128594699749322,1.2766089744384552,1.1455537726741174,1.2488370648387108,PASS,153,0,True,True,True
Di-charmonium,151,-12793.883780963093,-12794.283833718422,0.800105510657886,0.7,0.6702846840138894,35,50,1.163620138138926,1.048047240087209,1.151308603998197,1.0706633615568721,PASS,153,0,True,False,True
Di-charmonium,141,-13027.16001856906,-13029.951405220736,5.582773303351132,0.04,0.06133610310896809,2,50,1.1177245451194893,1.6121605968855188,1.1486378963821653,1.4824218583188777,PASS,153,0,True,True,True
Di-charmonium,137,-12305.461260070704,-12306.672502982128,2.4224858228481025,0.24,0.29782687686113896,12,50,1.2070488916804027,1.1550223716502894,1.188118759190463,1.1433326533857675,PASS,153,0,True,False,True
Di-charmonium,146,-12093.31443925868,-12094.14109731586,1.653316114359768,0.6530612244897959,0.43750897584407955,32,49,1.1210073036068917,1.1700679233905582,1.149343506325701,1.1860064521424185,PASS,153,1,True,False,True
Di-charmonium,149,-12620.659746076959,-12621.065231118919,0.8109700839195284,0.78,0.6666533775647188,39,50,1.1139265591555012,0.8426252259062674,1.0769303956025094,0.8289124423447074,PASS,153,0,True,False,True
Di-charmonium,147,-12553.175005644782,-12554.309484432892,2.268957576219691,0.3,0.32158969403243687,15,50,0.9543453406141524,1.1419223292661815,0.9661640548298903,1.117225339202007,PASS,153,0,True,False,True
Di-charmonium,143,-12402.1288425033,-12403.25970985718,2.2617347077612067,0.44,0.3227531937480126,22,50,0.8696550829186278,1.230362211143456,0.8767549413239125,1.2136087793045225,PASS,153,0,True,False,True
Di-charmonium,153,-12044.482153962366,-12044.8329383874,0.7015688500687247,0.8,0.7041355314883089,40,50,0.9754361993504801,0.9764444886282829,0.9820761706249218,0.9476957160965485,PASS,153,0,True,False,True
Di-charmonium,144,-12798.248375751455,-12800.334218379776,4.171685256642377,0.08,0.12420241958383516,4,50,1.0538302306573821,1.6229595086878004,1.0738226730435714,1.4369004787403519,PASS,153,0,True,False,True
Di-charmonium,145,-12529.419858362271,-12530.674282355014,2.5088479854857724,0.4,0.2852401012827942,20,50,1.1164654253083044,1.2766470075635596,1.1115006299856012,1.1669675845981102,PASS,153,0,True,False,True
Di-charmonium,150,-12494.720896526438,-12498.272393515264,7.102993977652659,0.0,0.028681671359189753,0,50,1.075511432753235,1.1690198557640472,1.1224338233178226,1.102979681836564,PASS,153,0,True,True,True
Di-charmonium,152,-12307.98923383549,-12308.18372850076,0.3889893305422447,0.82,0.8232505700633983,41,50,0.8542826412051422,1.1060520651254748,0.8515626542480526,1.1372475876496386,PASS,153,0,True,False,True
Di-charmonium,154,-12914.165278458,-12914.279926729427,0.2292965428532625,0.94,0.891679717992227,47,50,1.0497863263044995,1.1815526685625724,1.0688622489663486,1.199087004393404,PASS,153,0,True,False,True
Di-charmonium,157,-12644.970096554443,-12644.995477181883,0.05076125487903482,0.9795918367346939,0.9749387529549263,48,49,0.9264835320384154,1.0797522273513855,0.9407073075775775,1.0730830998191607,PASS,153,1,True,False,True
Di-charmonium,155,-12570.672943012547,-12570.814230839353,0.2825756536112749,0.9,0.868239373164582,45,50,0.7437284732197534,1.1333198385982104,0.7452924362473222,1.1538435562487468,PASS,153,0,True,False,True
Di-charmonium,156,-12468.962170603229,-12469.356207613335,0.7880740202126617,0.8,0.6743290987869599,40,50,0.848613707765085,0.9044211081717044,0.8839944303902705,0.9209676350323478,PASS,153,0,True,False,True
Di-charmonium,158,-12651.965398237684,-12653.333142407835,2.735488340302254,0.42,0.2546808286491271,21,50,0.8894105458529198,0.947907533181489,0.899066346022162,0.9412365373065218,PASS,153,0,True,False,True
Di-charmonium,159,-12608.483785010074,-12608.835524878456,0.7034797367632564,0.6,0.7034630911696438,30,50,1.0096950434208818,1.0204561817188949,1.013908344119229,1.0477048416644161,PASS,153,0,True,False,True
Di-charmonium,163,-12483.355521232917,-12485.759491187386,4.8079399089365324,0.32,0.09035852108221798,16,50,1.4427013147958585,0.851647608084544,1.364948668397905,0.8505779197006176,PASS,153,0,True,False,True
Di-charmonium,160,-12492.575984647447,-12495.890815827082,6.629662359271606,0.08,0.03634018302244868,4,50,1.040016656054017,1.3197417751045055,1.082819189288389,1.315018633475961,PASS,153,0,True,False,True
Di-charmonium,162,-12733.51518784864,-12734.550543854475,2.070712011671276,0.3,0.3550999407684219,15,50,1.0217598425624441,0.8093097153504122,0.9855831535027233,0.7866101836845274,PASS,153,0,True,False,True
Di-charmonium,166,-12712.03684958255,-12712.869396372267,1.6650935794350517,0.6,0.4349401734209509,30,50,1.0643389859558257,0.987200971294575,1.0961045181831774,0.9745683622505745,PASS,153,0,True,False,True
Di-charmonium,161,-12486.867208192985,-12487.598088668015,1.4617609500601247,0.6,0.4814848679995203,30,50,0.9162380384498,1.2358049444737942,0.9293900863394678,1.3168349950473515,PASS,153,0,True,False,True
Di-charmonium,164,-13179.342035251644,-13179.634217166722,0.5843638301557803,0.82,0.7466326998726616,41,50,0.8594567534066138,0.9209500208557502,0.8613964023385984,0.9243949160039617,PASS,153,0,True,False,True
Di-charmonium,168,-12295.250777256966,-12296.157100379409,1.8126462448854,0.28,0.40400698060593554,14,50,0.9694132361589829,1.3693497064453308,0.9897052623085888,1.2351446923656735,PASS,153,0,True,False,True
Di-charmonium,165,-12593.153334153572,-12596.016522900416,5.726377493687323,0.06,0.057086435535126046,3,50,1.1380503355813223,1.2872870591112975,1.1743870717859373,1.2493376682909183,PASS,153,0,True,False,True
Di-charmonium,175,-12193.234411591533,-12193.673325856382,0.877828529697581,0.8,0.6447360538033606,40,50,0.8479646816551601,1.1387918134151083,0.8429019901351542,1.1309533641049108,PASS,153,0,True,False,True
Di-charmonium,176,-12544.822116652438,-12545.97921863126,2.314203957645077,0.22,0.31439598815726577,11,50,0.8573501818362751,1.3617813651429407,0.8784016337156706,1.2888139449542317,PASS,153,0,True,False,True
Di-charmonium,170,-12751.918690493827,-12752.617400964109,1.3974209405641886,0.42,0.4972260783582524,21,50,0.9942597315093762,1.1624206042517191,1.0284915474371117,1.1512667371851628,PASS,153,0,True,False,True
Di-charmonium,169,-12293.015940202675,-12296.646727299621,7.261574193893466,0.04,0.026495321812626926,2,50,0.8604691613546723,1.1435533101009114,0.8946085944307617,1.1171183280428787,PASS,153,0,True,True,True
Di-charmonium,167,-12286.178022258384,-12286.896072051693,1.4360995866190933,0.44,0.4877024497020782,22,50,0.9902893600432714,1.3673326344145356,1.0000164523358048,1.2967181479114853,PASS,153,0,True,False,True
Di-charmonium,171,-12317.139668222844,-12318.382996132917,2.4866558201465523,0.28,0.2884227739719869,14,50,0.7677675392930593,1.297589848298215,0.7705679398855252,1.2337249121855705,PASS,153,0,True,False,True
Di-charmonium,174,-13217.933523849759,-13218.394969768447,0.9228918373773922,0.82,0.6303715202743929,41,50,1.1629224090268147,1.1894545265871974,1.1762158418170174,1.2133405303972733,PASS,153,0,True,False,True
Di-charmonium,179,-12595.64506227266,-12597.27081381702,3.2515030887188914,0.5,0.19676374294117716,25,50,0.7627230853719017,1.1700703760472688,0.7882794398737712,1.1365659355155615,PASS,153,0,True,False,True
Di-charmonium,178,-12459.958005051758,-12462.767997675104,5.619985246692522,0.08,0.06020543650539378,4,50,0.9932128183552904,1.4158484132799711,1.0092247391748002,1.4140852712821697,PASS,153,0,True,False,True
Di-charmonium,172,-12504.900721682057,-12507.687988287538,5.5745332109618175,0.04,0.061589331986304896,2,50,0.9133361518617923,1.4590861847049044,0.9212679321515027,1.342622772551724,PASS,153,0,True,True,True
Di-charmonium,183,-12518.145344119743,-12518.65742530673,1.024162373974832,0.6326530612244898,0.5992471348009759,31,49,1.2136422974534464,0.9472292207299989,1.2457040019760404,0.9680409087351445,PASS,153,1,True,False,True
Di-charmonium,177,-12364.064940042485,-12368.215690351866,8.301500618763384,0.0,0.015752592731560267,0,50,1.2378859469794963,1.3826687085714333,1.2910292717562535,1.3959988143373836,PASS,153,0,True,True,True
Di-charmonium,184,-12561.869212965132,-12563.040069885368,2.3417138404729485,0.4,0.3101010954733694,20,50,0.9491931354474121,0.932903740674513,0.9379092717195777,0.9599628729305943,PASS,153,0,True,False,True
Di-charmonium,173,-12687.533463289335,-12689.006545229142,2.946163879612868,0.2,0.22921795951720303,10,50,1.3891356283982574,1.0533478405648236,1.369488745018216,1.0275752416054484,PASS,153,0,True,False,True
Di-charmonium,180,-12591.130466545777,-12597.094102376615,11.927271661676059,0.0,0.0025705488801434084,0,50,1.1394200244319328,1.051888814617028,1.1248270734192987,1.049583563566521,PASS,153,0,True,True,True
Di-charmonium,181,-12084.250060590954,-12085.308109244663,2.1160973074183858,0.3,0.347132525628687,15,50,0.9832317657774713,1.3464024352933255,1.0070156757708608,1.3534773078224842,PASS,153,0,True,False,True
Di-charmonium,182,-12048.17055886561,-12048.210796367943,0.08047500466636848,0.96,0.9605612765144776,48,50,1.0226934365593523,1.1978281113799762,1.0163099780115592,1.178886820282023,PASS,153,0,True,False,True
Di-charmonium,185,-12293.052500415577,-12293.215138386733,0.32527594231214607,0.7959183673469388,0.849898820612847,39,49,1.0488515515835817,1.298791760613519,1.010439120553428,1.1782654216963095,PASS,153,1,True,False,True
Di-charmonium,186,-12690.75669373147,-12692.758616060097,4.003844657254376,0.22,0.1350753742426659,11,50,1.117193240879531,1.0804388909235565,1.113834322912778,1.110123599696635,PASS,153,0,True,False,True
Di-charmonium,190,-12441.842545787755,-12441.976427690053,0.2677638045970525,0.88,0.8746933577789187,44,50,0.9067270475503969,1.0167384080773496,0.9008906050794748,1.0302677658817148,PASS,153,0,True,False,True
Di-charmonium,192,-12388.50856211024,-12390.409862058721,3.8025998969606007,0.24,0.14937431404409918,12,50,0.8893389021660506,0.7626797022636947,0.9046831600771231,0.7566460540236878,PASS,153,0,True,False,True
Di-charmonium,193,-12434.872167593045,-12436.08518921292,2.4260432397495606,0.24,0.2972976005320954,12,50,0.80693448771866,1.372775144110125,0.8214766991690664,1.3164080491199452,PASS,153,0,True,False,True
Di-charmonium,194,-12648.617921186353,-12649.152503996187,1.069165619668638,0.56,0.5859136765872492,28,50,1.1024042622245296,1.3838845597302039,1.1333988457271795,1.279561658877714,PASS,153,0,True,False,True
Di-charmonium,196,-12673.378702661033,-12673.804996807019,0.8525882919711876,0.74,0.6529242588221658,37,50,0.9928791812754997,1.31210801759457,0.9891482645297768,1.320611116107986,PASS,153,0,True,False,True
Di-charmonium,197,-12253.65492273657,-12255.123580473373,2.9373154736058495,0.52,0.23023431292124363,26,50,0.8103174961489904,1.053390077476806,0.8201364570947208,1.0997880057260385,PASS,153,0,True,False,True
Di-charmonium,189,-12545.777816265241,-12545.844632155005,0.13363177952851402,0.98,0.9353673961966921,49,50,0.9594515118304151,1.070073843903775,0.9878579086638419,1.0527750133503533,PASS,153,0,True,False,True
Di-charmonium,195,-12437.549348893534,-12438.477340199275,1.8559826114833413,0.38,0.39534704466049375,19,50,1.0619418908660625,1.328093662274983,1.087861007938319,1.2032762979000848,PASS,153,0,True,False,True
Di-charmonium,187,-12786.954484987897,-12788.622775918602,3.336581861411105,0.3,0.1885690680021973,15,50,1.060015460257741,0.8865590165294238,1.052251130380833,0.882244547908347,PASS,153,0,True,False,True
Di-charmonium,188,-12521.527788171745,-12524.753698590324,6.451820837159175,0.02,0.039719603645057555,1,50,0.8785396018800526,1.050421180319388,0.8895591100385537,0.984734405524433,PASS,153,0,True,True,True
Di-charmonium,191,-12690.745481850787,-12693.748515452855,6.006067204136343,0.06,0.0496362630715762,3,50,0.8597420607481899,1.2584455592437411,0.8938090384161763,1.2217855786222735,PASS,153,0,True,False,True
Di-charmonium,199,-12634.439559252503,-12634.985173102394,1.0912276997805748,0.56,0.5794859567479895,28,50,0.9840857580658435,0.876320083020361,0.9882375989891599,0.8482017904299215,PASS,153,0,True,False,True
Di-charmonium,198,-12701.656611057457,-12705.207283945027,7.1013457751396345,0.0,0.0287053177027482,0,50,1.0522600854036384,1.3284384133621665,1.0767674039353305,1.2305626483720775,PASS,153,0,True,True,True
