Lambda_obs,bootstrap_lambda_mean,bootstrap_lambda_median,bootstrap_lambda_std,bootstrap_n,bootstrap_n_exceeded,bootstrap_n_valid,bootstrap_restarts,chi2_dof_a,chi2_dof_b,converged,dof_diff,fit_converged,gates,identifiable,n_bootstrap,n_restarts,nll_constrained,nll_unconstrained,p_boot,p_wilks,phi_spread,r_spread,rejected,stats_level,test,trial,verdict
0.09460972521649502,1.9859655785970176,1.4549129187643501,2.039033323088751,200,186,200,80,1.0410319744255738,1.140236151174737,True,2,True,PASS,True,200,80,4.88071047032726,4.833405607719013,0.93,0.953796576350359,61.35578780522351,0.16262051278687997,0,1.0,Y-states,23,NOT_REJECTED
0.5109501987055616,1.9372912664468709,1.4958368761667415,1.8899263822334693,200,149,200,80,0.582461789622452,1.4439301488544862,True,2,True,PASS,True,200,80,5.476386191187451,5.220911091834671,0.745,0.7745484230774333,66.28778055542925,0.17279107197707413,0,1.0,Y-states,15,NOT_REJECTED
0.038617947042057565,1.9486631234679106,1.4766782585828047,1.8894677668288544,200,194,200,80,1.3551424722626855,0.8232607513172627,True,2,True,PASS,True,200,80,3.5794194266107686,3.56011045308974,0.97,0.9808762506296357,61.57873239812188,0.16362662963024233,0,1.0,Y-states,27,NOT_REJECTED
0.013972556912282386,1.9551353302959416,1.401703774803174,1.8853485371157028,200,198,200,80,1.1369180404612573,1.3699706681544306,True,2,True,PASS,True,200,80,5.119463790203882,5.112477511747741,0.99,0.9930380688551658,59.89739342037301,0.16197620325503514,0,1.0,Y-states,11,NOT_REJECTED
0.2041825027855113,1.977155356795342,1.4634863641566298,1.9041912661522797,200,174,200,80,0.9312144923075113,0.9352199456052551,True,2,True,PASS,True,200,80,3.911294769118822,3.809203517726066,0.87,0.9029471527241539,57.533697466756045,0.15366687887270872,0,1.0,Y-states,9,NOT_REJECTED
0.21648278860720538,2.005746859561683,1.5725210370118816,1.966876470812281,200,174,200,80,1.166158069783234,0.9901350375312825,True,2,True,PASS,True,200,80,4.3852820204945555,4.277040626190953,0.87,0.8974109403927187,61.974397329738515,0.1608716652140527,0,1.0,Y-states,6,NOT_REJECTED
0.25571658323799795,1.9438662985342767,1.4090577974906857,1.883807541155135,200,169,200,80,0.8698809628352592,1.120016100713183,True,2,True,PASS,True,200,80,4.357804749784875,4.229946458165876,0.845,0.8799780705772225,49.26978278175517,0.1385010123211781,0,1.0,Y-states,13,NOT_REJECTED
0.11421432014227229,1.9754063258562624,1.5567925252017574,1.877916498423729,200,186,200,80,0.9693498626521153,1.2529113749824923,True,2,True,PASS,True,200,80,5.028554768032899,4.971447607961763,0.93,0.944492852022181,62.570539222135,0.17076246343116755,0,1.0,Y-states,22,NOT_REJECTED
0.03156391989432983,1.9837953823815797,1.4940228168879095,1.925772055159369,200,195,200,80,1.119250265291603,0.8674196916031487,True,2,True,PASS,True,200,80,4.200589797285942,4.184807837338777,0.975,0.9843419226232738,53.015203401157606,0.14495821017403257,0,1.0,Y-states,29,NOT_REJECTED
0.033514972262750575,1.9523062533369444,1.529743150215964,1.8769591858363985,200,195,200,80,1.4009402669372073,0.9462682742522043,True,2,True,PASS,True,200,80,4.788059691383868,4.771302205252493,0.975,0.9833821395264248,62.798306775312405,0.16885456325592677,0,1.0,Y-states,12,NOT_REJECTED
0.3775855805165982,1.9324060438431456,1.4765410136201353,1.8762663216474194,200,159,200,80,0.7848616580208233,0.8525567704951313,True,2,True,PASS,True,200,80,3.3647265050422357,3.1759337147839366,0.795,0.8279580498950667,55.31805174892517,0.14950578153096397,0,1.0,Y-states,30,NOT_REJECTED
0.5224601297155758,2.009558076506259,1.5974094906889533,1.9061783748811711,200,150,200,80,0.718072546503551,1.305903927852075,True,2,True,PASS,True,200,80,4.843485274111575,4.582255209253787,0.75,0.7701037254287104,66.25313444279949,0.17640094252441332,0,1.0,Y-states,25,NOT_REJECTED
0.07446857237498428,1.9470835266477764,1.4563905706129887,1.9089211946671838,200,190,200,80,0.9527013363685846,0.9171097327244114,True,2,True,PASS,True,200,80,4.198820068411519,4.1615857822240265,0.95,0.9634503857873601,58.83337082879561,0.1597012794998368,0,1.0,Y-states,28,NOT_REJECTED
0.18649782743842103,1.9407987626476921,1.453832627793986,1.8772625020216154,200,179,200,80,1.256857940868075,0.7912171197341624,True,2,True,PASS,True,200,80,3.840803409084174,3.7475544953649633,0.895,0.9109667199586009,54.533886332510974,0.14879944290734792,0,1.0,Y-states,2,NOT_REJECTED
0.07689695087593407,1.9284142797039676,1.4791937928542325,1.8774307588290007,200,187,200,80,1.1078921174009855,0.7304852625660764,True,2,True,PASS,True,200,80,3.184606181117048,3.146157705679081,0.935,0.9622812845842574,62.88590017294381,0.1749900976535751,0,1.0,Y-states,16,NOT_REJECTED
0.08590287728246793,1.9592650418168511,1.4505313594235787,1.8813145359998578,200,187,200,80,0.809076637150213,0.9367972592828069,True,2,True,PASS,True,200,80,3.1067405354457525,3.0637890968045185,0.935,0.957957908675204,61.49416467585555,0.16419667615763797,0,1.0,Y-states,5,NOT_REJECTED
0.005210344797964339,1.9631163781142924,1.5246501134835455,1.8973963096033006,200,200,200,80,1.3930263690938953,0.6901110929122624,True,2,True,PASS,True,200,80,3.640273513756882,3.6376683413579,1.0,0.9973982181176995,54.767599378096556,0.1498266051857562,0,1.0,Y-states,3,NOT_REJECTED
0.38447946635795116,1.9770416048503807,1.5406703345492865,1.9088703106923635,200,162,200,80,0.8271232478031274,1.012592138433501,True,2,True,PASS,True,200,80,2.8249355580225,2.6326958248435246,0.81,0.8251090387665904,49.758470031451225,0.13892353113632466,0,1.0,Y-states,19,NOT_REJECTED
0.11629352685421601,1.9376539843453846,1.5421451321399928,1.8788936514103127,200,183,200,80,1.02033753246663,1.0347439200911708,True,2,True,PASS,True,200,80,5.16479194904447,5.106645185617362,0.915,0.9435114642989009,60.249429114009395,0.1655485170033146,0,1.0,Y-states,1,NOT_REJECTED
0.03844940813614883,1.9408939171658262,1.4030205849191688,1.8961539497096518,200,194,200,80,1.327806328174607,0.8087679363166211,True,2,True,PASS,True,200,80,4.098201298035656,4.078976593967582,0.97,0.9809589120175581,54.810444879054046,0.14781081069526328,0,1.0,Y-states,17,NOT_REJECTED
0.08670238864097524,2.099183251320352,1.5259558780305298,2.244997730192307,200,190,200,80,1.0519789768611283,0.7708552723835217,True,2,True,PASS,True,200,80,2.9912792241249337,2.947928029804446,0.95,0.9575750360935684,60.466715654196264,0.16293142557576556,0,1.0,Y-states,20,NOT_REJECTED
0.05577224738895392,1.9855377496373154,1.5389107413194871,1.9139814324587667,200,192,200,80,1.1728494173015052,0.720937138786568,True,2,True,PASS,True,200,80,2.803144277456181,2.7752581537617043,0.96,0.9724991051011064,63.10609668580251,0.16425940993661295,0,1.0,Y-states,26,NOT_REJECTED
0.019298650457452382,1.9736877248402533,1.454208647760936,1.9135057954430923,200,196,200,80,1.0607350460067047,0.9866977996116042,True,2,True,PASS,True,200,80,4.699666565718537,4.69001724048981,0.98,0.9903970801298818,56.01907712939043,0.15101703598881458,0,1.0,Y-states,0,NOT_REJECTED
0.06741527119908053,1.9855030395392566,1.38696766314888,1.9386267917931903,200,192,200,80,0.8703973473405799,1.0280846621988124,True,2,True,PASS,True,200,80,3.662194434775601,3.6284867991760605,0.96,0.9668541370497761,53.706110441169855,0.14168383139603694,0,1.0,Y-states,21,NOT_REJECTED
0.39600541247693677,1.975984828481876,1.4960731062370343,1.9137875002368039,200,158,200,80,1.4679475219731506,0.8284988285208085,True,2,True,PASS,True,200,80,4.540204554483944,4.342201848245476,0.79,0.8203676330243802,63.31600749444809,0.16687824699233975,0,1.0,Y-states,14,NOT_REJECTED
0.03819953456162395,1.9451780800119738,1.4927960388092174,1.8759352742845867,200,195,200,80,1.2808127085195813,1.0416807267921648,True,2,True,PASS,True,200,80,4.708353651992901,4.689253884712089,0.975,0.9810814775287733,59.63952465496191,0.15797670789129736,0,1.0,Y-states,7,NOT_REJECTED
0.32119038673350353,2.0027804075277817,1.459205611931047,1.9469073496500162,200,165,200,80,0.9853712256141589,1.3336875937248378,True,2,True,PASS,True,200,80,5.247089794091177,5.086494600724425,0.825,0.8516367495437188,58.93455697221034,0.1614386228596748,0,1.0,Y-states,24,NOT_REJECTED
0.06351890615066758,1.9792014186988451,1.5655615468755997,1.8734133828172952,200,192,200,80,1.2009966667104917,1.1431384544518828,True,2,True,PASS,True,200,80,3.1752947965979015,3.1435353435225677,0.96,0.968739581381545,60.634798969887605,0.16215089892234782,0,1.0,Y-states,8,NOT_REJECTED
0.24073589457174815,,,,,,,,0.4956378624044885,1.1719317986882636,True,2,True,UNDERCONSTRAINED,True,0,80,3.789360358233232,3.6689924109473577,nan,0.8865941567802709,56.110963027377274,0.15281207421727178,0,1.0,Y-states,41,INCONCLUSIVE
0.25100530529392984,1.9259239788139573,1.4447926713225954,1.8859264932720368,200,169,200,80,1.1950186034055523,0.9440205077221998,True,2,True,PASS,True,200,80,3.7782874586712127,3.652784806024248,0.845,0.8820534246475897,62.653353730971226,0.1680647055930459,0,1.0,Y-states,10,NOT_REJECTED
0.006379198429595334,1.9347394018966673,1.4257501633650307,1.8789802417186745,200,200,200,80,1.248275888374011,1.1507343858179166,True,2,True,PASS,True,200,80,4.109168560461484,4.105978961246686,1.0,0.9968154821528334,57.48259288926251,0.15521666043045482,0,1.0,Y-states,18,NOT_REJECTED
0.31841441585546804,1.9906724215164064,1.4762204929296132,1.916210171253803,200,164,200,80,0.9808002621030669,0.8619256798496995,True,2,True,PASS,True,200,80,3.1449638745767117,2.9857566666489777,0.82,0.8528196296717129,48.689753150418,0.13622359275313362,0,1.0,Y-states,4,NOT_REJECTED
0.39497234873436504,1.9405546563148124,1.5298461589758006,1.8934077612000362,200,158,200,80,1.4602523749249667,1.0085519695127316,True,2,True,PASS,True,200,80,5.158306540678325,4.960820366311142,0.79,0.8207914885110186,62.47118218452074,0.16969946862594854,0,1.0,Y-states,31,NOT_REJECTED
0.0014703592596108095,1.9387675308841061,1.497953027328002,1.892319229609635,200,200,200,80,0.7793405548021255,1.1246617726483366,True,2,True,PASS,True,200,80,3.660496666083478,3.6597614864536725,1.0,0.9992650905485247,57.45463012414779,0.15364249417806353,0,1.0,Y-states,32,NOT_REJECTED
0.27662463366876633,1.9291690435804119,1.404623194435274,1.878447680825418,200,167,200,80,1.1403782079307603,0.7435427492928345,True,2,True,PASS,True,200,80,3.289181164562942,3.150868847728559,0.835,0.8708266754398039,59.955804515723436,0.16411995855738992,0,1.0,Y-states,34,NOT_REJECTED
0.08871381885075635,1.939432510812203,1.5254931988897056,1.8916028884833174,200,187,200,80,1.3933045931093078,0.8810301588183215,True,2,True,PASS,True,200,80,4.330432455173483,4.286075545748105,0.935,0.9566124725291941,56.89582845317957,0.15486741255098085,0,1.0,Y-states,35,NOT_REJECTED
0.2999889905850681,1.9435238121963705,1.3905335447434268,1.9138435560120401,200,166,200,80,1.0890934822005371,0.6681048465477525,True,2,True,PASS,True,200,80,3.169883773499702,3.019889278207168,0.83,0.8607127143837222,53.97400034494289,0.1477015449153044,0,1.0,Y-states,37,NOT_REJECTED
0.0650010935494798,1.930974967891747,1.4055957122878553,1.8701239398132723,200,192,200,80,1.0462405601188585,1.0209941907320625,True,2,True,PASS,True,200,80,3.6828020672157065,3.6503015204409666,0.96,0.9680219205412275,54.286795797507935,0.14762047784795704,0,1.0,Y-states,43,NOT_REJECTED
0.04869727295126758,2.035619265031877,1.5021200527829635,2.3866790334638663,200,193,200,80,1.1094840432472555,0.8926127011066424,True,2,True,PASS,True,200,80,4.0873475160886015,4.062998879612968,0.965,0.9759454002744441,58.383010092172206,0.15651541886022166,0,1.0,Y-states,47,NOT_REJECTED
0.08919555734353679,1.9886115492918173,1.4584402746426122,1.9453459566719988,200,189,200,80,1.0396919644655749,1.06101170685787,True,2,True,PASS,True,200,80,5.12921303643606,5.084615257764292,0.945,0.9563820817519889,53.88587295980343,0.14768343214346316,0,1.0,Y-states,38,NOT_REJECTED
0.13075771737951136,1.9854257878398016,1.4952142508690116,1.9032495957887887,200,187,200,80,0.8051289655326268,0.9158602716432181,True,2,True,PASS,True,200,80,4.248594672061851,4.183215813372096,0.935,0.9367125144680005,61.69745582780428,0.1666803685160545,0,1.0,Y-states,39,NOT_REJECTED
0.03520172287715795,1.9755456695358198,1.4903144101881551,1.9366385822896532,200,196,200,80,0.7943113308073514,1.62375354378946,True,2,True,PASS,True,200,80,6.541412396684793,6.523811535246214,0.98,0.9825531289450683,56.402999933334854,0.15027722898753432,0,1.0,Y-states,42,NOT_REJECTED
0.16754999774394275,1.944810686465591,1.375041749077731,1.9047460099874929,200,177,200,80,1.2956122037055287,0.9969193398344827,True,2,True,PASS,True,200,80,3.6040406121748587,3.5202656133028873,0.885,0.9196381524399735,56.92216496990811,0.15448936344076725,0,1.0,Y-states,36,NOT_REJECTED
0.08138177214654263,1.9238463544622826,1.3885954044120226,1.8861778012171815,200,188,200,80,0.7742050801093072,1.066573038059083,True,2,True,PASS,True,200,80,4.410091658833066,4.3694007727597945,0.94,0.960125872360389,64.73764569500405,0.17103310651175577,0,1.0,Y-states,48,NOT_REJECTED
0.021441229500974934,1.960831089965488,1.5631362864479001,1.8944944852045837,200,195,200,80,1.0619872403520634,0.832415052142282,True,2,True,PASS,True,200,80,2.9628312829060603,2.952110668155573,0.975,0.9893366462328351,57.997884412968915,0.15619588540198923,0,1.0,Y-states,33,NOT_REJECTED
0.31799311573534084,2.018576257760141,1.424250919904523,2.091370492439799,200,164,200,80,1.0301027868707253,1.0254791864618464,True,2,True,PASS,True,200,80,5.393212253829796,5.234215695962126,0.82,0.852999295100529,62.296646546672655,0.17115783929401734,0,1.0,Y-states,40,NOT_REJECTED
0.018529939179332544,1.9979619376477586,1.575613843721122,1.920975909185043,200,198,200,80,0.8162176621858999,0.9692820648052404,True,2,True,PASS,True,200,80,3.9703388231395498,3.9610738535498835,0.99,0.9907778179972242,64.14647999695967,0.1686825041831834,0,1.0,Y-states,45,NOT_REJECTED
0.22167403452525924,1.9562485779612064,1.469439231174789,1.8926019725327787,200,171,200,80,1.258777713542563,0.8462675170290774,True,2,True,PASS,True,200,80,4.070890187911649,3.9600531706490196,0.855,0.8950846203830518,63.1499258180997,0.16535132761192417,0,1.0,Y-states,49,NOT_REJECTED
0.3026092795146642,1.9690832381063126,1.5292165892570324,1.9310488204493912,200,167,200,80,1.128415902422589,1.7804586781272786,True,2,True,PASS,True,200,80,6.050272559684056,5.898967919926724,0.835,0.859585794760139,62.0320732896451,0.16769732450464442,0,1.0,Y-states,44,NOT_REJECTED
0.13105240619963077,1.977259526235851,1.4706168688976042,1.971347617031245,200,183,200,80,1.1418305145449037,0.9976690598578319,True,2,True,PASS,True,200,80,4.047202459704337,3.981676256604522,0.915,0.9365745052828515,58.48882633273834,0.15908759264948924,0,1.0,Y-states,46,NOT_REJECTED
